{
  "mission_risk": {
    "mission_risk_index": 0.5453,
    "risk_category": "ELEVATED",
    "recommendation": "\ud83d\udd36 Additional review required",
    "components": {
      "launch_risk": 0.4883,
      "satellite_risk": 1.0,
      "neo_risk": 0.0
    },
    "weights": {
      "launch": 0.4,
      "satellite": 0.35,
      "neo": 0.25
    }
  },
  "launch_risk_scores": [
    0.17626795172691345,
    0.6689730882644653,
    0.2356197088956833,
    0.7977285385131836,
    0.218618705868721,
    0.8204898238182068,
    0.35518133640289307,
    0.26404091715812683,
    0.20482787489891052,
    0.7961434721946716,
    0.778030514717102,
    0.7897737622261047,
    0.3041209280490875,
    0.7654939293861389,
    0.19945360720157623,
    0.7831005454063416,
    0.1479627937078476,
    0.4449346661567688,
    0.26280510425567627,
    0.29702332615852356,
    0.7925576567649841,
    0.7910804748535156,
    0.7913304567337036,
    0.3384226858615875,
    0.22441625595092773,
    0.6134195327758789,
    0.7847933173179626,
    0.7927812337875366,
    0.23586662113666534,
    0.7729514837265015,
    0.6684557795524597,
    0.8076165914535522,
    0.3515970706939697,
    0.7803752422332764,
    0.8067134618759155,
    0.2021225094795227,
    0.8070060610771179,
    0.7948845624923706,
    0.7595979571342468,
    0.18119382858276367,
    0.5534922480583191,
    0.34847885370254517,
    0.7458727359771729,
    0.22186683118343353,
    0.13592246174812317,
    0.2415829598903656,
    0.2922438681125641,
    0.5403815507888794,
    0.17027923464775085,
    0.8010550141334534,
    0.2436642050743103,
    0.24121764302253723,
    0.761372447013855,
    0.7964616417884827,
    0.7641444206237793,
    0.33508235216140747,
    0.7914542555809021,
    0.23415228724479675,
    0.28724828362464905,
    0.4449346661567688,
    0.7118771076202393,
    0.7881922721862793,
    0.19741903245449066,
    0.5931881666183472,
    0.21038639545440674,
    0.767244815826416,
    0.7988870739936829,
    0.4151039123535156,
    0.8043316602706909,
    0.6963847875595093,
    0.8046654462814331,
    0.3309372663497925,
    0.7701884508132935,
    0.31633126735687256,
    0.28216421604156494,
    0.7654561400413513,
    0.2399436980485916,
    0.29813024401664734,
    0.393695205450058,
    0.8096181154251099,
    0.4348233938217163,
    0.7780647277832031,
    0.16586968302726746,
    0.2971917986869812,
    0.29454612731933594,
    0.8021523952484131,
    0.28956013917922974,
    0.43372946977615356,
    0.2713720500469208,
    0.18737000226974487,
    0.7679280638694763,
    0.35518133640289307,
    0.22599925100803375,
    0.21565330028533936,
    0.7559446692466736,
    0.7702033519744873,
    0.2223995327949524,
    0.20299313962459564,
    0.2945483922958374,
    0.7859407663345337,
    0.8192777633666992,
    0.7975183129310608,
    0.7596026659011841,
    0.3099193572998047,
    0.3041209280490875,
    0.6963850855827332,
    0.23471699655056,
    0.3731885254383087,
    0.24784952402114868,
    0.7964998483657837,
    0.450552761554718,
    0.5440141558647156,
    0.739575207233429,
    0.25910985469818115,
    0.8081624507904053,
    0.24121764302253723,
    0.15806640684604645,
    0.25792813301086426,
    0.7540259957313538,
    0.41444605588912964,
    0.677213728427887,
    0.22792677581310272,
    0.16808266937732697,
    0.7680164575576782,
    0.427157998085022,
    0.32181042432785034,
    0.7963876724243164,
    0.2233373075723648,
    0.2738388180732727,
    0.21486999094486237,
    0.16633827984333038,
    0.450552761554718,
    0.199925497174263,
    0.3309372663497925,
    0.13969656825065613,
    0.7865716218948364,
    0.8007355332374573,
    0.4802844524383545,
    0.3546304702758789,
    0.32009992003440857,
    0.47586965560913086,
    0.7859821319580078,
    0.6330211758613586,
    0.5154006481170654,
    0.8197891712188721,
    0.6782504916191101,
    0.7949832081794739,
    0.20099109411239624,
    0.7736510038375854,
    0.2972066402435303,
    0.24784952402114868,
    0.7856183648109436,
    0.2079957276582718,
    0.24628208577632904,
    0.6586161851882935,
    0.27256637811660767,
    0.13403411209583282,
    0.450552761554718,
    0.293144553899765,
    0.1780315488576889,
    0.15852870047092438,
    0.27514392137527466,
    0.329681932926178,
    0.8078428506851196,
    0.807843804359436,
    0.7570284008979797,
    0.7991538047790527,
    0.19302548468112946,
    0.7566350102424622,
    0.7020246982574463,
    0.819648027420044,
    0.47627872228622437,
    0.3041209280490875,
    0.23041322827339172,
    0.2319701611995697,
    0.16734884679317474,
    0.6622870564460754,
    0.3309372663497925,
    0.8006343245506287,
    0.3005971312522888,
    0.7309041619300842,
    0.393695205450058,
    0.7426734566688538,
    0.39344602823257446,
    0.798443078994751,
    0.7699964046478271,
    0.7853142619132996,
    0.5415654182434082,
    0.6932816505432129,
    0.7944322824478149,
    0.23695717751979828,
    0.5403814911842346,
    0.22792677581310272,
    0.2067767232656479,
    0.4005410671234131,
    0.7863282561302185,
    0.5774054527282715,
    0.23546499013900757,
    0.4348987340927124,
    0.20611874759197235,
    0.5403815507888794,
    0.7874401807785034,
    0.450552761554718,
    0.6830371618270874,
    0.159982368350029,
    0.21010848879814148,
    0.797722339630127,
    0.8074700832366943,
    0.6923264265060425,
    0.6644333600997925,
    0.329681932926178,
    0.5143901109695435,
    0.7867915630340576,
    0.31072598695755005,
    0.3703081011772156,
    0.32392561435699463,
    0.16725121438503265,
    0.47627872228622437,
    0.2554519474506378,
    0.7857469320297241,
    0.79877769947052,
    0.793797492980957,
    0.7280086278915405,
    0.2696751654148102,
    0.455554723739624,
    0.329681932926178,
    0.36901599168777466,
    0.24121764302253723,
    0.4217853844165802,
    0.24544024467468262,
    0.7533494234085083,
    0.239817276597023,
    0.24784952402114868,
    0.722802996635437,
    0.4556416869163513,
    0.4204094707965851,
    0.16673073172569275,
    0.3751451373100281,
    0.450552761554718,
    0.7309783101081848,
    0.34501856565475464,
    0.7739819288253784,
    0.18816553056240082,
    0.5931882262229919,
    0.7968260049819946,
    0.7851651906967163,
    0.20410190522670746,
    0.7987439632415771,
    0.796489953994751,
    0.6781179904937744,
    0.23746758699417114,
    0.17781010270118713,
    0.7855933904647827,
    0.8184103965759277,
    0.8114678859710693,
    0.24784952402114868,
    0.6622348427772522,
    0.8194085359573364,
    0.7911266088485718,
    0.450552761554718,
    0.24784952402114868,
    0.8006811141967773,
    0.26163947582244873,
    0.45603877305984497,
    0.7169170379638672,
    0.7861950397491455,
    0.46256136894226074,
    0.505896270275116,
    0.7960953712463379,
    0.47635307908058167,
    0.21734397113323212,
    0.20395095646381378,
    0.3309372663497925,
    0.7837669253349304,
    0.7862375974655151,
    0.2067767232656479,
    0.29611581563949585,
    0.3309372663497925,
    0.7789552211761475,
    0.1926107406616211,
    0.7700807452201843,
    0.5403815507888794,
    0.6662430167198181,
    0.7905025482177734,
    0.7754349112510681,
    0.2146715223789215,
    0.4204094707965851,
    0.7836658954620361,
    0.7519159317016602,
    0.24560418725013733,
    0.8009955883026123,
    0.7388209104537964,
    0.19311732053756714,
    0.16416844725608826,
    0.7659053802490234,
    0.2674593925476074,
    0.23564878106117249,
    0.23312467336654663,
    0.24121764302253723,
    0.22029782831668854,
    0.3410019874572754,
